MPAN,ConsumptionDate,,kWh_1,kWh_2,kWh_3,kWh_4,kWh_5,kWh_6,kWh_7,kWh_8,kWh_9,kWh_10,kWh_11,kWh_12,kWh_13,kWh_14,kWh_15,kWh_16,kWh_17,kWh_18,kWh_19,kWh_20,kWh_21,kWh_22,kWh_23,kWh_24,kWh_25,kWh_26,kWh_27,kWh_28,kWh_29,kWh_30,kWh_31,kWh_32,kWh_33,kWh_34,kWh_35,kWh_36,kWh_37,kWh_38,kWh_39,kWh_40,kWh_41,kWh_42,kWh_43,kWh_44,kWh_45,kWh_46,kWh_47,kWh_48,kVArh_1,kVArh_2,kVArh_3,kVArh_4,kVArh_5,kVArh_6,kVArh_7,kVArh_8,kVArh_9,kVArh_10,kVArh_11,kVArh_12,kVArh_13,kVArh_14,kVArh_15,kVArh_16,kVArh_17,kVArh_18,kVArh_19,kVArh_20,kVArh_21,kVArh_22,kVArh_23,kVArh_24,kVArh_25,kVArh_26,kVArh_27,kVArh_28,kVArh_29,kVArh_30,kVArh_31,kVArh_32,kVArh_33,kVArh_34,kVArh_35,kVArh_36,kVArh_37,kVArh_38,kVArh_39,kVArh_40,kVArh_41,kVArh_42,kVArh_43,kVArh_44,kVArh_45,kVArh_46,kVArh_47,kVArh_48
2380001727391,05/08/2019,,0.743,0.664,0.725,0.703,0.718,0.694,0.723,0.718,0.713,0.678,0.708,0.729,0.71,1.012,1.015,1.818,2.273,3.036,2.704,2.283,2.525,2.629,3.957,4.297,3.076,2.477,2.307,2.336,2.404,2.457,2.157,1.609,1.483,1.376,1.341,1.178,1.153,1.151,1.187,1.182,1.148,0.932,0.688,0.665,0.706,0.696,0.698,0.713,,,,,,,,,,,,,,,,,,,,,,,,,,,,,,,,,,,,,,,,,,,,,,,,
2380001727391,06/08/2019,,0.661,0.72,0.703,0.697,0.714,0.714,0.697,0.715,0.666,0.719,0.706,0.664,0.751,1.011,1.007,1.212,1.003,1.364,3.054,3.416,3.042,2.691,2.897,2.864,2.305,2.223,2.2,1.675,1.551,1.504,1.486,1.532,1.493,1.411,1.371,1.191,1.173,1.156,1.205,1.186,1.17,0.961,0.703,0.695,0.693,0.683,0.766,0.662,,,,,,,,,,,,,,,,,,,,,,,,,,,,,,,,,,,,,,,,,,,,,,,,
2380001727391,07/08/2019,,0.71,0.721,0.727,0.711,0.669,0.717,0.727,0.71,0.714,0.685,0.72,0.705,0.734,1.042,1.063,1.431,1.109,1.294,2.569,3.148,2.978,3.938,2.976,3.731,3.442,3.118,2.876,2.735,2.849,2.689,2.137,1.611,1.488,1.366,1.351,1.143,1.157,1.144,1.185,1.124,1.17,0.94,0.673,0.691,0.667,0.706,0.698,0.685,,,,,,,,,,,,,,,,,,,,,,,,,,,,,,,,,,,,,,,,,,,,,,,,
2380001727391,08/08/2019,,0.681,0.682,0.72,0.659,0.728,0.659,0.704,0.654,0.687,0.705,0.7,0.668,0.729,1.021,0.97,1.031,1.089,1.179,1.534,2.052,1.826,2.244,2.382,2.338,2.565,2.339,2.981,1.658,1.438,1.475,1.447,1.437,1.443,1.359,1.35,1.131,1.164,1.136,1.156,1.128,1.141,0.913,0.663,0.681,0.662,0.695,0.653,0.623,,,,,,,,,,,,,,,,,,,,,,,,,,,,,,,,,,,,,,,,,,,,,,,,
2380001727391,09/08/2019,,0.667,0.698,0.68,0.674,0.662,0.699,0.711,0.64,0.687,0.696,0.683,0.642,0.691,1.021,0.984,1.455,1.653,2.268,3.008,2.831,2.362,3.021,2.558,3.063,3.068,2.752,2.373,2.335,2.077,1.712,1.478,1.387,1.396,1.323,1.318,1.073,1.055,1.07,1.085,1.081,1.09,0.865,0.653,0.621,0.628,0.632,0.645,0.652,,,,,,,,,,,,,,,,,,,,,,,,,,,,,,,,,,,,,,,,,,,,,,,,
2380001727391,10/08/2019,,0.642,0.602,0.655,0.667,0.649,0.65,0.602,0.654,0.652,0.641,0.638,0.617,0.646,0.627,0.628,0.599,0.673,0.589,0.635,0.608,0.638,0.627,0.615,0.628,0.618,0.615,0.645,0.644,0.646,0.63,0.661,0.59,0.639,0.614,0.6,0.597,0.629,0.629,0.613,0.595,0.632,0.646,0.641,0.646,0.611,0.656,0.645,0.632,,,,,,,,,,,,,,,,,,,,,,,,,,,,,,,,,,,,,,,,,,,,,,,,
2380001727391,11/08/2019,,0.649,0.614,0.664,0.601,0.639,0.613,0.633,0.63,0.604,0.652,0.648,0.61,0.655,0.662,0.644,0.639,0.604,0.654,0.624,0.642,0.604,0.649,0.656,0.637,0.643,0.645,0.652,0.655,0.643,0.648,0.624,0.617,0.644,0.649,0.612,0.616,0.615,0.602,0.654,0.63,0.63,0.626,0.587,0.62,0.63,0.619,0.633,0.641,,,,,,,,,,,,,,,,,,,,,,,,,,,,,,,,,,,,,,,,,,,,,,,,
2380001727391,12/08/2019,,0.658,0.604,0.64,0.646,0.619,0.64,0.638,0.614,0.657,0.652,0.652,0.657,0.634,0.962,0.936,0.978,0.942,1.179,1.449,1.462,1.427,1.455,1.462,1.447,1.471,1.446,1.426,1.456,1.488,1.411,1.442,1.458,1.411,1.319,1.324,1.096,1.106,1.087,1.1,1.076,1.112,0.884,0.606,0.62,0.589,0.632,0.647,0.636,,,,,,,,,,,,,,,,,,,,,,,,,,,,,,,,,,,,,,,,,,,,,,,,
2380001727391,13/08/2019,,0.636,0.6,0.651,0.605,0.622,0.636,0.622,0.637,0.637,0.623,0.661,0.612,0.66,0.946,1.014,0.93,0.898,1.177,1.427,1.442,1.456,1.435,1.437,1.475,1.453,1.471,1.437,1.49,1.462,1.457,1.48,1.484,1.453,1.357,1.332,1.115,1.128,1.086,1.086,1.114,1.074,0.879,0.632,0.667,0.609,0.633,0.631,0.595,,,,,,,,,,,,,,,,,,,,,,,,,,,,,,,,,,,,,,,,,,,,,,,,
2380001727391,14/08/2019,,0.633,0.605,0.605,0.641,0.607,0.617,0.627,0.614,0.635,0.63,0.632,0.609,0.639,0.908,0.94,0.937,0.953,1.152,1.435,1.409,1.687,1.65,1.427,1.386,1.385,1.348,1.394,1.398,1.398,1.353,1.418,1.407,1.34,1.277,1.278,1.066,1.059,1.027,1.109,1.043,1.051,0.839,0.564,0.588,0.587,0.595,0.61,0.564,,,,,,,,,,,,,,,,,,,,,,,,,,,,,,,,,,,,,,,,,,,,,,,,
2380001727391,15/08/2019,,0.599,0.607,0.578,0.625,0.599,0.604,0.591,0.61,0.61,0.577,0.621,0.606,0.58,0.92,0.93,0.868,0.931,1.109,1.366,1.359,1.376,1.388,1.399,1.383,1.379,1.391,1.408,1.427,1.371,1.361,1.389,1.333,1.318,1.231,1.229,1.076,1.02,1.062,1.062,1.068,1.006,0.852,0.59,0.591,0.558,0.607,0.594,0.596,,,,,,,,,,,,,,,,,,,,,,,,,,,,,,,,,,,,,,,,,,,,,,,,
2380001727391,16/08/2019,,0.599,0.606,0.567,0.606,0.587,0.62,0.592,0.596,0.621,0.612,0.601,0.583,0.639,0.936,0.913,0.884,0.894,1.145,1.369,1.406,2.7,2.674,1.827,1.412,1.43,1.405,1.378,1.419,1.391,1.382,1.381,1.362,1.383,1.242,1.25,1.058,1.069,1.03,1.058,1.089,1.029,0.854,0.597,0.613,0.571,0.601,0.601,0.622,,,,,,,,,,,,,,,,,,,,,,,,,,,,,,,,,,,,,,,,,,,,,,,,
2380001727391,17/08/2019,,0.569,0.61,0.652,0.589,0.577,0.611,0.649,0.593,0.614,0.574,0.582,0.629,0.606,0.556,0.594,0.572,0.61,0.603,0.572,0.616,0.593,0.596,0.574,0.611,0.607,0.606,0.658,0.618,0.621,0.59,0.628,0.645,0.602,0.605,0.65,0.568,0.622,0.56,0.604,0.603,0.625,0.557,0.589,0.614,0.563,0.597,0.587,0.577,,,,,,,,,,,,,,,,,,,,,,,,,,,,,,,,,,,,,,,,,,,,,,,,
2380001727391,18/08/2019,,0.599,0.603,0.611,0.56,0.593,0.61,0.58,0.612,0.578,0.626,0.618,0.578,0.597,0.613,0.564,0.589,0.555,0.607,0.587,0.59,0.59,0.569,0.597,0.596,0.605,0.607,0.627,0.593,0.601,0.608,0.597,0.6,0.605,0.607,0.631,0.554,0.64,0.539,0.583,0.597,0.564,0.607,0.559,0.584,0.567,0.586,0.588,0.582,,,,,,,,,,,,,,,,,,,,,,,,,,,,,,,,,,,,,,,,,,,,,,,,
2380001727391,19/08/2019,,0.611,0.553,0.584,0.586,0.571,0.591,0.556,0.592,0.57,0.634,0.605,0.583,0.624,0.889,0.91,0.899,0.946,1.148,1.398,1.427,1.405,1.394,1.404,1.426,1.418,1.426,1.439,1.382,1.434,1.383,1.411,1.389,1.37,1.233,1.303,1.03,1.057,1.046,1.057,1.064,1.049,0.815,0.577,0.588,0.58,0.552,0.605,0.584,,,,,,,,,,,,,,,,,,,,,,,,,,,,,,,,,,,,,,,,,,,,,,,,
2380001727391,20/08/2019,,0.587,0.56,0.6,0.589,0.556,0.596,0.569,0.596,0.589,0.64,0.607,0.577,0.58,0.934,0.898,0.895,0.899,1.088,1.352,1.326,1.355,1.37,1.358,1.356,1.359,1.376,1.332,1.368,1.375,1.394,1.385,1.399,1.37,1.289,1.264,1.037,1.058,1.067,1.053,1.068,1.047,0.839,0.595,0.595,0.611,0.566,0.625,0.581,,,,,,,,,,,,,,,,,,,,,,,,,,,,,,,,,,,,,,,,,,,,,,,,
2380001727391,21/08/2019,,0.621,0.606,0.569,0.613,0.58,0.606,0.587,0.599,0.618,0.604,0.57,0.604,0.593,0.927,0.914,0.897,0.919,1.118,1.348,1.426,1.4,1.431,1.392,1.395,1.391,1.408,1.391,1.4,1.41,1.371,1.412,1.381,1.405,1.28,1.275,1.054,1.054,1.084,1.056,1.127,1.057,0.809,0.61,0.598,0.59,0.603,0.612,0.586,,,,,,,,,,,,,,,,,,,,,,,,,,,,,,,,,,,,,,,,,,,,,,,,
2380001727391,22/08/2019,,0.552,0.593,0.582,0.619,0.593,0.563,0.627,0.565,0.554,0.603,0.591,0.555,0.604,0.92,0.903,0.863,0.91,1.121,1.352,1.365,1.415,1.38,1.403,1.382,1.388,1.436,1.404,1.401,1.422,1.454,1.395,1.407,1.452,1.297,1.275,1.063,1.117,1.053,1.053,1.07,1.075,0.854,0.617,0.564,0.609,0.593,0.592,0.599,,,,,,,,,,,,,,,,,,,,,,,,,,,,,,,,,,,,,,,,,,,,,,,,
2380001727391,23/08/2019,,0.602,0.557,0.595,0.649,0.59,0.616,0.577,0.611,0.604,0.569,0.612,0.619,0.588,1.049,0.982,0.919,0.897,1.129,1.365,1.407,1.353,1.388,1.368,1.45,1.375,1.4,1.417,1.36,1.405,1.366,1.39,1.369,1.403,1.283,1.282,1.048,1.054,1.07,1.064,1.065,1.057,0.872,0.582,0.566,0.6,0.575,0.587,0.608,,,,,,,,,,,,,,,,,,,,,,,,,,,,,,,,,,,,,,,,,,,,,,,,
2380001727391,24/08/2019,,0.539,0.654,0.554,0.579,0.581,0.578,0.596,0.587,0.574,0.579,0.605,0.624,0.595,0.562,0.606,0.59,0.584,0.601,0.586,0.573,0.576,0.609,0.618,0.57,0.584,0.591,0.605,0.585,0.592,0.592,0.63,0.581,0.589,0.607,0.587,0.599,0.582,0.591,0.582,0.604,0.599,0.61,0.592,0.618,0.571,0.617,0.549,0.592,,,,,,,,,,,,,,,,,,,,,,,,,,,,,,,,,,,,,,,,,,,,,,,,
2380001727391,25/08/2019,,0.581,0.603,0.588,0.592,0.576,0.581,0.593,0.599,0.59,0.585,0.572,0.58,0.586,0.609,0.546,0.591,0.598,0.554,0.567,0.594,0.564,0.584,0.583,0.64,0.575,0.591,0.626,0.629,0.628,0.599,0.6,0.641,0.639,0.592,0.61,0.601,0.61,0.593,0.593,0.607,0.598,0.589,0.584,0.591,0.65,0.55,0.604,0.617,,,,,,,,,,,,,,,,,,,,,,,,,,,,,,,,,,,,,,,,,,,,,,,,
2380001727391,26/08/2019,,0.587,0.589,0.575,0.606,0.592,0.597,0.573,0.58,0.626,0.559,0.625,0.584,0.603,0.936,0.915,0.911,0.883,1.125,1.336,1.376,1.351,1.346,1.393,1.405,1.394,1.445,1.445,1.417,1.416,1.456,1.452,1.416,1.412,1.33,1.285,1.074,1.069,1.064,1.077,1.085,1.064,0.864,0.585,0.631,0.647,0.584,0.578,0.593,,,,,,,,,,,,,,,,,,,,,,,,,,,,,,,,,,,,,,,,,,,,,,,,
2380001727391,27/08/2019,,0.628,0.582,0.572,0.587,0.597,0.592,0.584,0.583,0.625,0.603,0.597,0.573,0.588,0.898,0.975,2.254,2.282,2.502,2.581,3.35,4.842,4.248,4.09,3.733,3.86,3.337,2.601,2.946,3.296,3.3,3.01,1.896,1.598,1.373,1.373,1.162,1.14,1.159,1.139,1.136,1.159,0.927,0.689,0.681,0.687,0.685,0.689,0.655,,,,,,,,,,,,,,,,,,,,,,,,,,,,,,,,,,,,,,,,,,,,,,,,
2380001727391,28/08/2019,,0.684,0.668,0.694,0.686,0.649,0.695,0.708,0.669,0.638,0.64,0.698,0.675,0.636,0.953,0.974,1.388,1.391,1.696,3.31,2.289,2.323,1.918,2.045,2.129,2.219,2.225,2.128,1.887,1.558,1.717,1.579,1.493,1.463,1.35,1.396,1.137,1.124,1.173,1.179,1.152,1.164,0.922,0.666,0.693,0.655,0.656,0.667,0.686,,,,,,,,,,,,,,,,,,,,,,,,,,,,,,,,,,,,,,,,,,,,,,,,
2380001727391,29/08/2019,,0.652,0.66,0.675,0.672,0.663,0.658,0.67,0.68,0.666,0.62,0.695,0.647,0.69,0.962,0.972,1.199,1.087,1.212,2.881,2.947,2.96,3.459,4.622,4.477,3.853,3.262,2.83,2.997,3.102,2.562,2.735,2.282,1.644,1.409,1.343,1.162,1.155,1.143,1.136,1.149,1.13,0.981,0.641,0.689,0.677,0.673,0.672,0.693,,,,,,,,,,,,,,,,,,,,,,,,,,,,,,,,,,,,,,,,,,,,,,,,
2380001727391,30/08/2019,,0.663,0.658,0.654,0.719,0.615,0.662,0.68,0.662,0.677,0.649,0.706,0.669,0.671,0.972,1.065,1.127,1.015,1.222,1.506,1.467,1.474,1.517,1.498,1.489,1.52,1.553,1.467,1.489,1.467,1.546,1.699,1.599,1.475,1.334,1.339,1.118,1.119,1.169,1.131,1.115,1.151,0.954,0.645,0.653,0.693,0.682,0.698,0.658,,,,,,,,,,,,,,,,,,,,,,,,,,,,,,,,,,,,,,,,,,,,,,,,
2380001727391,31/08/2019,,0.688,0.715,0.63,0.692,0.674,0.701,0.655,0.676,0.707,0.693,0.671,0.668,0.671,0.709,0.66,0.681,0.676,0.696,0.668,0.667,0.716,0.658,0.666,0.708,0.743,0.75,0.675,0.702,0.708,0.7,0.665,0.685,0.74,0.663,0.707,0.686,0.659,0.673,0.635,0.648,0.636,0.637,0.623,0.675,0.663,0.654,0.667,0.674,,,,,,,,,,,,,,,,,,,,,,,,,,,,,,,,,,,,,,,,,,,,,,,,
2380001727391,01/09/2019,,0.664,0.632,0.656,0.704,0.661,0.63,0.664,0.676,0.624,0.7,0.685,0.687,0.633,0.666,0.671,0.65,0.689,0.665,0.675,0.684,0.687,0.655,0.698,0.678,0.694,0.747,0.691,0.687,0.667,0.709,0.678,0.673,0.695,0.677,0.696,0.647,0.698,0.648,0.677,0.62,0.66,0.672,0.66,0.644,0.69,0.7,0.63,0.693,,,,,,,,,,,,,,,,,,,,,,,,,,,,,,,,,,,,,,,,,,,,,,,,
2380001727391,02/09/2019,,0.668,0.631,0.661,0.626,0.664,0.665,0.624,0.693,0.663,0.673,0.629,0.667,0.695,0.978,1.458,3.643,4.56,4.855,4.284,2.661,3.895,2.607,4.112,4.812,4.473,4.361,5.838,6.6,6.897,5.805,5.765,5.575,3.98,1.662,1.585,1.197,1.207,1.204,1.204,1.213,1.236,0.964,0.747,0.715,0.771,0.731,0.692,0.897,,,,,,,,,,,,,,,,,,,,,,,,,,,,,,,,,,,,,,,,,,,,,,,,
2380001727391,03/09/2019,,0.738,0.738,0.721,0.718,0.703,0.717,0.762,0.7,0.679,0.74,0.722,0.888,0.825,1.038,3.124,5.299,5.637,6.209,7.015,6.477,6.812,6.731,6.919,6.654,6.365,6.449,6.544,6.481,6.398,6.912,7.538,6.319,6.089,5.5,3.985,1.659,1.47,1.251,1.244,1.218,1.204,1.016,0.726,0.74,0.708,0.744,0.744,0.717,,,,,,,,,,,,,,,,,,,,,,,,,,,,,,,,,,,,,,,,,,,,,,,,
2380001727391,04/09/2019,,0.758,0.765,0.718,0.727,0.736,0.737,0.742,0.744,0.714,0.667,0.719,0.733,0.711,1.026,3.033,5.15,5.712,6.186,6.299,6.269,6.553,6.295,6.715,6.634,6.304,6.352,6.167,6.353,6.917,6.902,6.309,6.262,5.654,5.139,3.825,1.519,1.24,1.182,1.181,1.175,1.161,0.964,0.665,0.714,0.634,0.649,0.68,0.691,,,,,,,,,,,,,,,,,,,,,,,,,,,,,,,,,,,,,,,,,,,,,,,,
2380001727391,05/09/2019,,0.659,0.642,0.673,0.696,0.632,0.693,0.672,0.672,0.696,0.683,0.641,0.687,0.7,0.933,3.087,5.402,5.418,5.617,5.894,6.079,6.74,6.541,6.783,6.407,5.9,6.654,6.764,6.686,6.478,6.152,5.064,4.473,4.986,5.274,4.14,1.68,1.308,1.18,1.161,1.108,1.192,0.954,0.69,0.665,0.684,0.695,0.68,0.676,,,,,,,,,,,,,,,,,,,,,,,,,,,,,,,,,,,,,,,,,,,,,,,,
2380001727391,06/09/2019,,0.698,0.681,0.684,0.706,0.687,0.688,0.666,0.734,0.689,0.708,0.708,0.673,0.695,1.034,3.57,5.503,5.945,6.385,6.609,6.434,6.453,6.545,6.68,6.56,6.379,6.605,6.32,6.236,6.438,6.43,6.076,6.498,6.166,5.364,2.45,1.37,1.288,1.25,1.247,1.242,1.239,1.057,0.762,0.777,0.795,0.78,0.78,0.8,,,,,,,,,,,,,,,,,,,,,,,,,,,,,,,,,,,,,,,,,,,,,,,,
2380001727391,07/09/2019,,0.785,0.781,0.785,0.784,0.767,0.813,0.836,0.834,0.853,0.878,0.868,0.885,0.844,0.874,0.855,0.812,0.891,0.85,0.854,0.875,0.858,0.854,0.855,0.888,0.874,0.863,0.916,0.883,0.896,0.908,0.892,0.882,0.895,0.975,0.915,0.833,0.909,0.829,0.854,0.869,0.852,0.856,0.867,0.828,0.868,0.858,0.893,0.866,,,,,,,,,,,,,,,,,,,,,,,,,,,,,,,,,,,,,,,,,,,,,,,,
2380001727391,08/09/2019,,0.868,0.877,0.845,0.873,0.888,0.844,0.878,0.882,0.85,0.879,0.871,0.845,0.927,0.826,0.839,0.883,0.822,0.842,0.854,0.894,0.878,0.873,0.891,0.877,0.892,0.911,0.894,0.903,0.888,0.891,0.868,0.922,0.911,0.929,0.909,0.871,0.898,0.838,0.899,0.876,0.847,0.85,0.884,0.855,0.867,0.866,0.847,0.856,,,,,,,,,,,,,,,,,,,,,,,,,,,,,,,,,,,,,,,,,,,,,,,,
2380001727391,09/09/2019,,0.891,0.867,0.827,0.866,0.866,0.851,0.861,0.843,0.919,0.82,0.834,0.838,0.872,1.209,3.43,5.56,5.987,6.506,6.858,6.856,7.365,6.883,6.968,7.007,6.928,7.165,7.032,7.005,7.128,7.348,6.987,7.045,6.663,6.019,4.638,1.465,1.294,1.164,1.176,1.169,1.143,0.957,0.738,0.707,0.672,0.725,0.699,0.702,,,,,,,,,,,,,,,,,,,,,,,,,,,,,,,,,,,,,,,,,,,,,,,,
2380001727391,10/09/2019,,0.687,0.66,0.732,0.706,0.693,0.698,0.689,0.701,0.707,0.697,0.723,0.662,0.731,0.999,2.358,5.536,6.153,6.414,6.424,6.567,6.532,6.525,6.919,6.8,7.189,7.055,7.115,6.77,6.496,6.368,5.966,5.573,4.792,4.306,3.875,1.548,1.299,1.177,1.107,1.196,1.134,0.921,0.678,0.731,0.653,0.707,0.725,0.668,,,,,,,,,,,,,,,,,,,,,,,,,,,,,,,,,,,,,,,,,,,,,,,,
2380001727391,11/09/2019,,0.717,0.649,0.687,0.677,0.693,0.685,0.683,0.658,0.717,0.702,0.695,0.653,0.746,1.065,3.18,5.913,6.424,6.948,7.257,7.471,7.347,7.396,7.123,6.906,6.733,7.033,7.069,6.849,7.079,7.029,6.485,7.261,5.834,5.173,4.141,1.432,1.236,1.181,1.157,1.181,1.215,0.931,0.716,0.718,0.694,0.726,0.714,0.659,,,,,,,,,,,,,,,,,,,,,,,,,,,,,,,,,,,,,,,,,,,,,,,,
2380001727391,12/09/2019,,0.677,0.74,0.659,0.698,0.703,0.729,0.738,0.725,0.693,0.67,0.728,0.685,0.694,1.059,3.459,5.743,5.605,6.998,7.545,6.951,7.207,7.32,7.496,7.248,7.26,7.526,7.404,7.245,6.887,6.783,5.86,5.072,6.242,5.481,3.945,1.507,1.283,1.16,1.136,1.115,1.159,0.953,0.717,0.699,0.696,0.681,0.699,0.684,,,,,,,,,,,,,,,,,,,,,,,,,,,,,,,,,,,,,,,,,,,,,,,,
2380001727391,13/09/2019,,0.715,0.695,0.695,0.698,0.693,0.656,0.709,0.7,0.658,0.688,0.681,0.672,0.714,0.993,3.47,5.25,5.876,6.699,7.043,6.769,7.057,7.022,6.93,7.151,6.809,7.009,7.181,7.256,6.819,6.605,6.307,5.93,5.131,4.543,2.464,1.411,1.224,1.133,1.19,1.127,1.147,0.932,0.632,0.682,0.651,0.683,0.642,0.695,,,,,,,,,,,,,,,,,,,,,,,,,,,,,,,,,,,,,,,,,,,,,,,,
2380001727391,14/09/2019,,0.664,0.664,0.672,0.716,0.683,0.633,0.704,0.619,0.717,0.627,0.701,0.631,0.674,0.661,0.677,0.649,0.669,0.676,0.699,0.69,0.73,0.691,0.675,0.723,0.681,0.728,0.695,0.68,0.744,0.693,0.747,0.695,0.713,0.728,0.747,0.683,0.734,0.64,0.654,0.652,0.662,0.649,0.679,0.676,0.705,0.689,0.628,0.679,,,,,,,,,,,,,,,,,,,,,,,,,,,,,,,,,,,,,,,,,,,,,,,,
2380001727391,15/09/2019,,0.656,0.706,0.688,0.712,0.647,0.667,0.68,0.688,0.694,0.687,0.686,0.677,0.699,0.716,0.672,0.704,0.675,0.711,0.644,0.673,0.703,0.646,0.658,0.702,0.712,0.66,0.655,0.713,0.651,0.706,0.664,0.681,0.713,0.715,0.68,0.675,0.673,0.675,0.631,0.702,0.646,0.637,0.69,0.68,0.633,0.687,0.635,0.683,,,,,,,,,,,,,,,,,,,,,,,,,,,,,,,,,,,,,,,,,,,,,,,,
2380001727391,16/09/2019,,0.679,0.664,0.676,0.643,0.687,0.672,0.678,0.677,0.68,0.684,0.642,0.671,0.694,1.033,3.596,5.549,6.228,6.367,6.788,6.971,7.247,6.976,7.266,7.16,6.613,6.93,6.931,7.074,6.913,6.901,6.747,6.943,6.132,5.695,4.331,1.421,1.304,1.207,1.156,1.195,1.161,0.941,0.685,0.732,0.676,0.669,0.666,0.684,,,,,,,,,,,,,,,,,,,,,,,,,,,,,,,,,,,,,,,,,,,,,,,,
2380001727391,17/09/2019,,0.672,0.702,0.666,0.658,0.677,0.69,0.69,0.725,0.68,0.649,0.707,0.663,0.712,0.989,3.483,5.6,6.199,6.75,7.092,7.119,7.275,7.112,7.527,7.442,7.295,7.241,7.1,6.931,6.883,6.716,5.976,5.494,5.207,4.65,3.812,1.473,1.341,1.166,1.112,1.123,1.135,0.942,0.673,0.664,0.705,0.625,0.705,0.714,,,,,,,,,,,,,,,,,,,,,,,,,,,,,,,,,,,,,,,,,,,,,,,,
2380001727391,18/09/2019,,0.687,0.636,0.71,0.708,0.691,0.734,0.666,0.654,0.696,0.697,0.623,0.7,0.706,0.978,3.123,5.506,6.339,6.646,7.135,6.852,7.167,6.989,7.026,7.165,6.888,7.164,6.834,7.299,7.102,7.485,7.248,7.255,7.329,6.465,4.998,1.361,1.251,1.171,1.165,1.156,1.132,0.961,0.665,0.699,0.664,0.705,0.667,0.673,,,,,,,,,,,,,,,,,,,,,,,,,,,,,,,,,,,,,,,,,,,,,,,,
2380001727391,19/09/2019,,0.684,0.686,0.692,0.691,0.654,0.698,0.687,0.677,0.674,0.669,0.684,0.648,0.673,1.003,3.195,5.528,5.943,6.963,7.462,7.299,7.447,7.134,7.317,7.501,7.19,7.271,7.069,7.103,6.85,6.577,5.982,5.248,6.081,4.94,4.014,2.071,1.371,1.18,1.121,1.153,1.162,0.959,0.706,0.669,0.683,0.743,0.691,0.639,,,,,,,,,,,,,,,,,,,,,,,,,,,,,,,,,,,,,,,,,,,,,,,,
2380001727391,20/09/2019,,0.681,0.756,0.661,0.685,0.709,0.732,0.694,0.662,0.734,0.701,0.66,0.729,0.716,1.018,2.93,5.045,5.688,6.516,6.829,6.634,6.845,6.82,6.958,7.148,6.857,6.798,6.761,6.699,5.985,6.148,5.938,5.371,5.158,4.348,2.08,1.375,1.228,1.157,1.088,1.109,1.169,0.929,0.607,0.637,0.661,0.611,0.645,0.605,,,,,,,,,,,,,,,,,,,,,,,,,,,,,,,,,,,,,,,,,,,,,,,,
2380001727391,21/09/2019,,0.65,0.651,0.626,0.661,0.654,0.662,0.606,0.667,0.645,0.642,0.653,0.723,0.622,0.664,0.626,0.592,0.651,0.655,0.659,0.629,0.637,0.679,0.667,0.687,0.668,0.7,0.678,0.676,0.646,0.72,0.656,0.668,0.659,0.752,0.635,0.631,0.63,0.667,0.618,0.678,0.668,0.64,0.65,0.62,0.699,0.666,0.641,0.637,,,,,,,,,,,,,,,,,,,,,,,,,,,,,,,,,,,,,,,,,,,,,,,,
2380001727391,22/09/2019,,0.643,0.688,0.6,0.649,0.653,0.672,0.688,0.65,0.66,0.657,0.647,0.653,0.641,0.682,0.646,0.625,0.599,0.681,0.608,0.67,0.664,0.682,0.693,0.669,0.66,0.686,0.68,0.698,0.658,0.696,0.703,0.668,0.716,0.666,0.674,0.637,0.698,0.67,0.693,0.653,0.625,0.653,0.68,0.649,0.632,0.636,0.699,0.662,,,,,,,,,,,,,,,,,,,,,,,,,,,,,,,,,,,,,,,,,,,,,,,,
2380001727391,23/09/2019,,0.663,0.658,0.683,0.665,0.649,0.654,0.664,0.612,0.686,0.598,0.655,0.636,0.662,1.002,3.283,5.115,5.815,6.117,6.17,6.402,6.297,6.253,6.981,7.012,6.732,6.724,6.895,6.693,6.294,6.111,6.296,6.438,6.031,5.338,3.565,1.491,1.232,1.178,1.139,1.184,1.094,0.97,0.626,0.703,0.676,0.655,0.662,0.678,,,,,,,,,,,,,,,,,,,,,,,,,,,,,,,,,,,,,,,,,,,,,,,,
2380001727391,24/09/2019,,0.632,0.673,0.668,0.717,0.671,0.649,0.682,0.652,0.69,0.66,0.667,0.686,0.963,0.978,2.622,5.118,5.678,6.518,6.899,6.723,7,6.808,7.013,6.621,6.854,6.876,6.594,6.384,6.197,6.198,5.628,5.586,5.037,3.63,2.91,1.386,1.198,1.148,1.135,1.134,1.119,0.926,0.662,0.672,0.655,0.653,0.67,0.668,,,,,,,,,,,,,,,,,,,,,,,,,,,,,,,,,,,,,,,,,,,,,,,,
2380001727391,25/09/2019,,0.684,0.647,0.653,0.687,0.663,0.655,0.667,0.651,0.68,0.675,0.665,0.667,0.65,0.937,3.187,5.214,5.957,6.309,6.952,6.794,6.7,7.399,7.526,7.13,6.418,6.325,6.286,6.35,6.642,6.853,6.558,5.219,4.713,4.989,4.342,1.557,1.285,1.206,1.131,1.219,1.155,0.942,0.662,0.705,0.665,0.723,0.668,0.678,,,,,,,,,,,,,,,,,,,,,,,,,,,,,,,,,,,,,,,,,,,,,,,,
2380001727391,26/09/2019,,0.699,0.721,0.684,0.682,0.694,0.693,0.682,0.674,0.694,0.683,0.676,0.672,0.687,0.955,3.636,5.478,4.96,4.941,5.649,6.255,6.886,6.582,6.582,6.646,6.388,6.82,6.88,6.943,6.735,6.275,5.9,6.599,5.171,4.919,3.99,1.462,1.351,1.258,1.242,1.234,1.234,1.036,0.755,0.763,0.816,0.741,0.767,0.777,,,,,,,,,,,,,,,,,,,,,,,,,,,,,,,,,,,,,,,,,,,,,,,,
2380001727391,27/09/2019,,0.78,0.806,0.771,0.737,0.771,0.759,0.771,0.778,0.766,0.77,0.814,0.749,0.791,1.128,3.522,5.559,6.089,6.83,6.917,6.469,7.064,6.966,7.265,7.045,6.506,6.851,7.002,7.048,6.809,6.877,6.063,5.765,4.997,4.065,2.195,1.297,1.215,1.193,1.146,1.167,1.173,0.952,0.692,0.69,0.659,0.696,0.701,0.719,,,,,,,,,,,,,,,,,,,,,,,,,,,,,,,,,,,,,,,,,,,,,,,,
2380001727391,28/09/2019,,0.694,0.703,0.681,0.734,0.645,0.755,0.944,0.695,0.71,0.68,0.725,0.667,0.724,0.677,0.73,0.694,0.698,0.668,0.71,0.711,0.71,0.674,0.696,0.659,0.68,0.699,0.716,0.673,0.671,0.692,0.626,0.703,0.678,0.654,0.658,0.672,0.685,0.74,0.705,0.725,0.711,0.709,0.704,0.698,0.704,0.724,0.689,0.735,,,,,,,,,,,,,,,,,,,,,,,,,,,,,,,,,,,,,,,,,,,,,,,,
2380001727391,29/09/2019,,0.714,0.692,0.703,0.706,0.698,0.683,0.726,0.698,0.7,0.693,0.701,0.7,0.704,0.684,0.701,0.695,0.675,0.694,0.69,0.688,0.674,0.686,0.687,0.68,0.744,0.701,0.683,0.669,0.7,0.684,0.698,0.681,0.695,0.674,0.694,0.731,0.654,0.687,0.704,0.713,0.672,0.687,0.721,0.682,0.691,0.721,0.692,0.715,,,,,,,,,,,,,,,,,,,,,,,,,,,,,,,,,,,,,,,,,,,,,,,,
2380001727391,30/09/2019,,0.711,0.684,0.714,0.713,0.709,0.698,0.722,0.73,0.738,0.682,0.716,0.678,0.723,1.012,2.888,5.099,5.237,5.675,6.085,6.355,6.831,6.747,6.909,7.261,6.557,6.756,6.828,6.992,7.145,7.196,7.118,6.894,6.303,5.047,4.052,1.451,1.323,1.163,1.187,1.133,1.091,0.937,0.686,0.658,0.63,0.704,0.642,0.658,,,,,,,,,,,,,,,,,,,,,,,,,,,,,,,,,,,,,,,,,,,,,,,,
2380001727391,01/10/2019,,0.682,0.673,0.668,0.675,0.68,0.701,0.669,0.647,0.646,0.647,0.666,0.674,0.658,0.946,3.215,5.248,6.202,6.579,7.017,7.393,7.615,6.959,7.327,7.079,7.095,7.051,6.904,7.133,6.871,6.901,6.533,6.184,6.142,4.98,3.925,1.465,1.29,1.121,1.155,1.171,1.219,0.979,0.62,0.666,0.659,0.686,0.642,0.691,,,,,,,,,,,,,,,,,,,,,,,,,,,,,,,,,,,,,,,,,,,,,,,,
2380001727391,02/10/2019,,0.661,0.653,0.689,0.654,0.706,0.697,0.662,0.694,0.646,0.694,0.664,0.628,0.721,1.049,2.07,4.085,6.198,4.853,5.399,6.126,6.634,6.872,7.156,7.245,7.743,6.904,7.016,6.837,6.489,6.7,7.018,6.388,6.024,5.173,4.49,1.595,1.265,1.109,1.17,1.104,1.133,0.909,0.703,0.618,0.679,0.674,0.647,0.676,,,,,,,,,,,,,,,,,,,,,,,,,,,,,,,,,,,,,,,,,,,,,,,,
2380001727391,03/10/2019,,0.67,0.663,0.645,0.69,0.635,0.683,0.694,0.635,0.675,0.64,0.681,0.672,0.652,1.018,2.892,4.376,7.363,8.245,8.907,8.965,8.617,8.507,8.575,8.721,8.518,8.664,8.433,8.553,8.393,8.392,7.146,6.557,5.511,6.117,5.53,1.941,1.357,1.157,1.119,1.205,1.201,0.988,0.716,0.721,0.684,0.677,0.743,0.703,,,,,,,,,,,,,,,,,,,,,,,,,,,,,,,,,,,,,,,,,,,,,,,,
2380001727391,04/10/2019,,0.749,0.927,0.736,0.682,0.746,0.714,0.685,0.698,0.759,0.693,0.711,0.677,0.741,1.01,3.319,4.188,6.587,7.273,6.924,7.007,6.226,5.937,5.946,6.443,6.558,6.172,6.895,6.903,6.922,6.911,6.912,6.649,6.123,5.385,1.795,1.219,1.145,1.114,1.135,1.126,1.104,0.997,0.609,0.66,0.652,0.654,0.667,0.652,,,,,,,,,,,,,,,,,,,,,,,,,,,,,,,,,,,,,,,,,,,,,,,,
2380001727391,05/10/2019,,0.675,0.673,0.648,0.672,0.694,0.695,0.676,0.68,0.643,0.719,0.63,0.634,0.695,0.68,0.606,0.681,0.634,0.671,0.662,0.637,0.662,0.663,0.643,0.691,0.638,0.668,0.679,0.708,0.661,0.707,0.693,0.652,0.685,0.731,0.654,0.644,0.702,0.632,0.669,0.644,0.645,0.675,0.692,0.639,0.682,0.708,0.653,0.653,,,,,,,,,,,,,,,,,,,,,,,,,,,,,,,,,,,,,,,,,,,,,,,,
2380001727391,06/10/2019,,0.687,0.691,0.647,0.699,0.681,0.648,0.704,0.637,0.701,0.676,0.66,0.653,0.633,0.668,0.698,0.643,0.658,0.635,0.663,0.643,0.665,0.685,0.694,0.683,0.671,0.672,0.726,0.681,0.681,0.671,0.711,0.696,0.656,0.773,0.696,0.621,0.681,0.67,0.65,0.621,0.664,0.663,0.648,0.604,0.643,0.695,0.679,0.644,,,,,,,,,,,,,,,,,,,,,,,,,,,,,,,,,,,,,,,,,,,,,,,,
2380001727391,07/10/2019,,0.689,0.661,0.673,0.648,0.683,0.687,0.648,0.686,0.702,0.669,0.802,0.788,0.846,1.046,3.571,5.493,6.399,6.744,7.357,7.408,7.688,7.255,7.334,7.49,7.142,7.262,7.112,7.126,7.099,6.974,6.807,7.151,6.585,5.36,3.726,1.367,1.204,1.167,1.117,1.164,1.129,0.934,0.684,0.66,0.631,0.67,0.695,0.664,,,,,,,,,,,,,,,,,,,,,,,,,,,,,,,,,,,,,,,,,,,,,,,,
2380001727391,08/10/2019,,0.677,0.642,0.676,0.659,0.668,0.684,0.638,0.925,0.673,0.651,0.658,0.665,0.782,1.07,3.482,5.388,5.622,6.349,6.618,6.734,7.077,6.929,7.198,7.337,7.226,7.218,6.943,6.42,6.339,6.232,5.54,5.647,5.82,4.18,4.041,1.403,1.272,1.113,1.091,1.152,1.107,0.931,0.651,0.652,0.66,0.65,0.703,0.631,,,,,,,,,,,,,,,,,,,,,,,,,,,,,,,,,,,,,,,,,,,,,,,,
2380001727391,09/10/2019,,0.698,0.682,0.682,0.716,0.689,0.651,0.673,0.731,0.705,0.641,0.69,0.703,0.728,1.088,3.112,5.344,6.001,6.488,6.925,6.363,6.163,6.1,6.149,6.513,7.109,6.112,6.651,6.611,6.186,7.038,7.475,7.354,6.861,6.126,4.969,1.366,1.245,1.116,1.127,1.148,1.134,0.944,0.708,0.672,0.635,0.694,0.641,0.722,,,,,,,,,,,,,,,,,,,,,,,,,,,,,,,,,,,,,,,,,,,,,,,,
2380001727391,10/10/2019,,0.699,0.699,0.652,0.708,0.699,0.699,0.668,0.711,0.706,0.664,0.833,0.783,0.782,1.09,3.847,5.969,5.725,6.483,7.201,6.935,7.123,6.67,6.682,6.799,6.356,6.88,6.784,6.332,6.324,6.297,6.448,5.961,6.516,5.756,4.172,1.413,1.264,1.155,1.21,1.164,1.146,1.19,0.693,0.702,0.684,0.672,0.744,0.668,,,,,,,,,,,,,,,,,,,,,,,,,,,,,,,,,,,,,,,,,,,,,,,,
2380001727391,11/10/2019,,0.701,0.71,0.679,0.731,0.725,0.753,0.683,0.725,0.716,0.719,0.68,0.704,0.703,1.095,3.579,5.896,6.119,6.82,7.273,7.056,7.3,7.031,7.042,7.164,6.982,6.99,7.121,6.629,6.023,5.615,6.443,5.797,5.845,4.975,2.206,1.377,1.197,1.118,1.109,1.106,1.071,0.954,0.65,0.661,0.648,0.633,0.69,0.671,,,,,,,,,,,,,,,,,,,,,,,,,,,,,,,,,,,,,,,,,,,,,,,,
2380001727391,12/10/2019,,0.656,0.68,0.697,0.673,0.693,0.699,0.657,0.726,0.673,0.655,0.683,0.69,0.69,0.651,0.692,0.7,0.646,0.69,0.627,0.697,0.676,0.674,0.669,0.653,0.653,0.721,0.661,0.642,0.715,0.688,0.651,0.701,0.652,0.752,0.691,0.658,0.658,0.653,0.674,0.676,0.669,0.696,0.66,0.649,0.676,0.672,0.683,0.677,,,,,,,,,,,,,,,,,,,,,,,,,,,,,,,,,,,,,,,,,,,,,,,,
2380001727391,13/10/2019,,0.636,0.679,0.654,0.679,0.672,0.683,0.642,0.683,0.687,0.648,0.668,0.708,0.693,0.67,0.654,0.68,0.677,0.865,0.741,0.649,0.671,0.62,0.652,0.642,0.667,0.647,0.657,0.666,0.664,0.674,0.679,0.712,0.681,0.706,0.689,0.661,0.67,0.661,0.677,0.681,0.647,0.703,0.734,0.682,0.694,0.944,0.956,0.708,,,,,,,,,,,,,,,,,,,,,,,,,,,,,,,,,,,,,,,,,,,,,,,,
2380001727391,14/10/2019,,0.712,0.703,0.65,0.681,0.643,0.615,0.713,0.755,0.717,0.768,0.741,0.761,0.796,1.017,3.079,5.532,6.312,6.85,7.246,7.152,7.645,7.222,7.458,7.547,7.207,7.276,7.145,7.341,7.358,7.448,7.268,6.615,6.533,6.543,4.244,1.418,1.278,1.169,1.168,1.222,1.217,0.969,0.699,0.67,0.715,0.732,0.728,0.771,,,,,,,,,,,,,,,,,,,,,,,,,,,,,,,,,,,,,,,,,,,,,,,,
2380001727391,15/10/2019,,0.667,0.684,0.739,0.682,0.72,0.721,0.682,0.737,0.734,0.705,0.829,0.81,0.825,1.068,3.66,5.707,6.222,6.75,7.239,7.15,7.214,6.972,7.296,7.345,7.071,7.02,7.143,7.078,6.833,6.97,6.223,6.143,6.251,5.628,4.213,1.418,1.266,1.171,1.135,1.191,1.152,0.972,0.671,0.694,0.685,0.673,0.714,0.662,,,,,,,,,,,,,,,,,,,,,,,,,,,,,,,,,,,,,,,,,,,,,,,,
2380001727391,16/10/2019,,0.721,0.699,0.708,0.715,0.677,0.73,0.652,0.717,0.662,0.752,0.793,0.755,0.806,1.055,2.487,5.385,6.048,6.486,6.978,6.817,7.231,7.006,7.164,7.198,7.598,7.922,7.718,6.579,6.571,6.887,6.482,6.776,7.204,5.442,4.498,1.339,1.267,1.088,1.113,1.152,1.103,1.024,0.688,0.646,0.748,0.648,0.709,0.654,,,,,,,,,,,,,,,,,,,,,,,,,,,,,,,,,,,,,,,,,,,,,,,,
2380001727391,17/10/2019,,0.699,0.63,0.7,0.696,0.679,0.648,0.69,0.651,0.683,0.623,0.7,0.63,0.776,1.027,3.343,5.648,5.856,6.668,6.944,6.781,7.108,6.983,7.213,7.52,7.137,7.274,7.213,7.167,6.821,7.14,6.428,6.359,6.669,6.115,5.361,2.349,1.404,1.278,1.236,1.235,1.24,1.042,0.784,0.78,0.775,0.789,0.816,0.767,,,,,,,,,,,,,,,,,,,,,,,,,,,,,,,,,,,,,,,,,,,,,,,,
2380001727391,18/10/2019,,0.799,0.792,0.78,0.751,0.802,0.818,0.758,0.804,0.755,0.817,0.833,0.818,0.894,1.143,3.797,5.794,6.127,6.667,6.772,6.601,6.507,6.45,6.652,6.485,6.352,6.592,6.609,7.069,6.884,7.108,6.832,6.526,5.958,4.863,2.239,1.278,1.161,1.209,1.109,1.135,1.075,0.971,0.684,0.741,0.638,0.626,0.692,0.665,,,,,,,,,,,,,,,,,,,,,,,,,,,,,,,,,,,,,,,,,,,,,,,,
2380001727391,19/10/2019,,0.692,0.683,0.647,0.681,0.64,0.689,0.634,0.734,0.701,0.633,0.679,0.653,0.621,0.666,0.679,0.666,0.624,0.695,0.69,0.64,0.694,0.664,0.643,0.681,0.66,0.68,0.673,0.677,0.665,0.657,0.658,0.669,0.665,0.726,0.709,0.625,0.644,0.705,0.644,0.628,0.607,0.619,0.634,0.601,0.637,0.602,0.665,0.678,,,,,,,,,,,,,,,,,,,,,,,,,,,,,,,,,,,,,,,,,,,,,,,,
2380001727391,20/10/2019,,0.704,0.652,0.644,0.726,0.645,0.627,0.692,0.696,0.701,0.646,0.689,0.686,0.651,0.644,0.667,0.685,0.629,0.671,0.689,0.625,0.62,0.678,0.672,0.61,0.637,0.652,0.695,0.638,0.599,0.626,0.635,0.624,0.617,0.712,0.645,0.712,0.659,0.601,0.698,0.607,0.617,0.654,0.741,0.713,0.627,0.652,0.596,0.667,,,,,,,,,,,,,,,,,,,,,,,,,,,,,,,,,,,,,,,,,,,,,,,,
2380001727391,21/10/2019,,0.704,0.649,0.682,0.615,0.65,0.669,0.636,0.753,0.663,0.751,0.783,0.73,0.798,1.067,3.013,5.304,5.973,6.992,9.023,8.741,8.373,8.202,8.34,7.567,7.007,7.1,6.954,7.783,7.297,6.948,6.668,6.774,6.338,5.566,4.446,1.319,1.26,1.132,1.223,1.125,1.181,1.056,0.7,0.741,0.634,0.657,0.735,0.647,,,,,,,,,,,,,,,,,,,,,,,,,,,,,,,,,,,,,,,,,,,,,,,,
2380001727391,22/10/2019,,0.661,0.683,0.647,0.714,0.653,0.626,0.661,0.652,0.72,0.65,0.797,0.804,0.81,1.116,2.598,5.439,6.246,6.716,7.048,7.207,7.42,7.592,7.314,7.257,7.229,7.757,6.264,6.053,5.952,6.455,6.084,5.964,4.729,3.591,3.67,1.312,1.231,1.126,1.126,1.108,1.125,0.973,0.717,0.686,0.634,0.623,0.682,0.641,,,,,,,,,,,,,,,,,,,,,,,,,,,,,,,,,,,,,,,,,,,,,,,,
2380001727391,23/10/2019,,0.595,0.649,0.647,0.652,0.688,0.689,0.689,0.634,0.691,0.669,0.67,0.811,0.825,1.053,3.008,5.396,6.067,7.018,7.494,7.252,7.367,7.438,7.727,8.319,7.17,6.896,6.843,7.961,7.144,7.1,6.374,5.976,4.23,3.626,3.837,1.645,1.352,1.258,1.25,1.262,1.258,1.089,0.777,0.778,0.781,0.735,0.782,0.773,,,,,,,,,,,,,,,,,,,,,,,,,,,,,,,,,,,,,,,,,,,,,,,,
2380001727391,24/10/2019,,0.744,0.811,0.745,0.775,0.782,0.772,0.763,0.739,0.769,0.763,0.789,0.687,0.518,0.825,3.653,5.429,6.28,6.837,7.167,7.121,7.398,7.711,7.525,7.29,7.191,7.191,7.259,7.282,6.767,7.33,6.945,5.764,5.598,4.897,2.233,1.417,1.249,1.197,1.12,1.238,1.18,1.029,0.716,0.699,0.674,0.654,0.769,0.668,,,,,,,,,,,,,,,,,,,,,,,,,,,,,,,,,,,,,,,,,,,,,,,,
2380001727391,25/10/2019,,0.719,0.722,0.675,0.741,0.718,0.673,0.742,0.675,0.735,0.711,0.854,0.81,0.849,1.082,1.653,3.65,5.427,5.048,2.686,4.814,5.969,4.861,5.666,5.703,5.899,5.944,5.848,5.919,5.81,5.855,5.254,4.093,1.644,1.488,1.351,1.13,1.155,1.121,1.124,1.124,1.062,0.969,0.646,0.664,0.659,0.654,0.695,0.667,,,,,,,,,,,,,,,,,,,,,,,,,,,,,,,,,,,,,,,,,,,,,,,,
2380001727391,26/10/2019,,0.619,0.687,0.66,0.662,0.711,0.654,0.672,0.646,0.679,0.625,0.743,0.617,0.682,0.637,0.644,0.666,0.626,0.683,0.603,0.622,0.705,0.612,0.692,0.614,0.646,0.672,0.612,0.645,0.658,0.705,0.606,0.675,0.651,0.719,0.691,0.641,0.632,0.694,0.634,0.662,0.631,0.753,0.662,0.636,0.712,0.652,0.706,0.673,,,,,,,,,,,,,,,,,,,,,,,,,,,,,,,,,,,,,,,,,,,,,,,,
2380001727391,27/10/2019,,0.637,0.744,0.722,0.706,0.783,0.786,0.835,0.754,0.842,0.767,0.711,0.696,0.635,0.639,0.65,0.668,0.652,0.625,0.686,0.667,0.624,0.636,0.642,0.645,0.672,0.631,0.645,0.662,0.62,0.67,0.643,0.621,0.648,0.638,0.683,0.734,0.627,0.634,0.661,0.687,0.677,0.628,0.698,0.634,0.675,0.647,0.68,0.675,,,,,,,,,,,,,,,,,,,,,,,,,,,,,,,,,,,,,,,,,,,,,,,,
2380001727391,28/10/2019,,0.695,0.641,0.661,0.691,0.629,0.664,0.892,1.066,0.963,0.964,0.977,0.952,1.007,0.678,0.7,0.958,0.99,0.946,0.955,1.168,1.562,2.176,2.59,2.674,2.878,4.715,5.097,6.266,5.671,5.319,4.64,4.355,4.639,2.394,1.679,1.386,1.3,1.133,1.109,1.161,1.1,1.134,1.147,1.106,0.738,0.777,0.762,0.744,,,,,,,,,,,,,,,,,,,,,,,,,,,,,,,,,,,,,,,,,,,,,,,,
2380001727391,29/10/2019,,0.698,0.731,0.68,0.705,0.662,0.641,0.721,0.651,0.704,0.664,0.688,0.673,0.684,0.64,0.682,0.986,0.989,1.066,1.077,1.792,2.399,3.049,3.412,3.756,3.321,3.678,4.698,5.107,4.562,3.811,2.268,1.624,1.597,1.456,1.431,1.428,1.379,1.146,1.122,1.151,1.174,1.129,1.136,0.958,0.665,0.681,0.687,0.695,,,,,,,,,,,,,,,,,,,,,,,,,,,,,,,,,,,,,,,,,,,,,,,,
2380001727391,30/10/2019,,0.679,0.715,0.639,0.641,0.71,0.727,0.819,0.754,0.779,0.774,0.714,0.706,0.736,0.633,0.7,1.055,0.959,1.115,0.938,1.12,1.457,1.409,1.498,1.448,2.148,2.678,2.437,2.699,2.581,3.185,3.324,2.802,2.786,1.993,1.399,1.419,1.328,1.077,1.18,1.073,1.116,1.138,1.103,0.939,0.682,0.645,0.692,0.633,,,,,,,,,,,,,,,,,,,,,,,,,,,,,,,,,,,,,,,,,,,,,,,,
2380001727391,31/10/2019,,0.757,0.756,0.744,0.78,0.709,0.78,0.677,0.647,0.695,0.677,0.651,0.679,0.631,0.646,0.641,0.992,0.952,0.992,0.97,1.154,1.437,1.452,1.4,1.434,1.46,1.415,1.47,1.452,1.436,1.437,1.442,1.446,1.445,1.476,1.458,1.375,1.334,1.119,1.107,1.154,1.17,1.263,1.225,0.991,0.785,0.724,0.735,0.634,,,,,,,,,,,,,,,,,,,,,,,,,,,,,,,,,,,,,,,,,,,,,,,,

